Advertiser ID,Advertiser Name,Advertiser URL,Advertiser Category,Program ID,Program Name,Program Logo URI,Active Date,Template Terms Name,Insertion Order Status,Tracking Link,Allows Deep Linking,Payout
6329207,1st Phorm,https://1stphorm.com/,Sports Apparel & Accessories,37436,1st Phorm,/display-logo-via-campaign/37436.gif,"Dec 8, 2025 11:33",Public Terms,Active,https://1stphorm.sjv.io/c/5980041/3062647/37436,true,Online Sale: 25%-100%
6632765,8000Kicks,https://8000kicks.com,Shoes,44202,8000Kicks,/display-logo-via-campaign/44202.gif,"Dec 8, 2025 11:34",Public Terms,Active,https://8000kicks.sjv.io/c/5980041/3359384/44202,true,Online Sale: 10%
127343,99designs by Vista,https://www.99designs.com,Creative Digital Assets,3172,99designs by Vista,/display-logo-via-campaign/3172.gif,"Dec 29, 2025 00:14",Public Terms,Active,https://99designs.qvig.net/c/5980041/185967/3172,true,"Project Completed: USD5.00-USD40.00
Contest Launch: USD5.00-USD40.00"
5412539,Abbott Lingo,https://www.hellolingo.com/,,24869,Abbott Lingo,/display-logo-via-campaign/24869.gif,"Dec 8, 2025 21:21",Public Terms,Active,https://abbottlingo.sjv.io/c/5980041/2011025/24869,true,Online Sale: 15%-17.5%
4243223,ACEBEAM,http://www.acebeam.com/,Outdoors & Recreation,19551,ACEBEAM Flashlight,/display-logo-via-campaign/19551.gif,"Feb 3, 2025 18:13",Public Terms,Active,https://acebeamflashlight.sjv.io/c/5980041/1685780/19551,true,Online Sale: 10%-15%
4175351,Aligrace Hair,http://aligracehair.com,Women's Apparel,19272,Aligrace Hair,/display-logo-via-campaign/19272.gif,"Jan 29, 2025 11:24",Public Terms,Expired,https://aligracehair.sjv.io/c/5980041/1659456/19272,true,Online Sale: 12%-13%
6537358,AlphaStyle,https://www.alphastyle.store/,Women's Apparel,41816,AlphaStyle,/display-logo-via-campaign/41816.gif,"Dec 4, 2025 08:52",Public Terms,Active,https://multicoinsindustriallimited.sjv.io/c/5980041/3269875/41816,true,Online Sale: 10%
4708555,"AMERICA ULIKE ECOMMERCE  CO., LTD",https://www.ulike.com,Spa & Personal Grooming,21022,uk.ulike.com,/display-logo-via-campaign/21022.gif,"Feb 3, 2025 18:14",Public Terms,Active,https://ukulike.sjv.io/c/5980041/1781198/21022,true,Online Sale: 10%
4708555,"AMERICA ULIKE ECOMMERCE  CO., LTD",https://www.ulike.com,Spa & Personal Grooming,21023,de.ulike.com,/display-logo-via-campaign/21023.gif,"Feb 3, 2025 18:14",Public Terms,Active,https://deulike.pxf.io/c/5980041/1781226/21023,true,Online Sale: 10%
5368959,Amotopart,http://amotopart.com,Parts & Accessories,24551,Amotopart Fairing Creator Recruitment,/display-logo-via-campaign/24551.gif,"Feb 3, 2025 18:16",Public Terms,Active,https://autocreatorrecruitment.sjv.io/c/5980041/1995924/24551,true,Online Sale: 10%
5549179,Andy & Evan,https://www.andyandevan.com,Clothing & Accessories,25955,Andy & Evan,/display-logo-via-campaign/25955.gif,"Dec 8, 2025 21:26",Public Terms,Active,https://andyevan.sjv.io/c/5980041/2071348/25955,true,Online Sale: 10%
4482493,Angelbliss,http://angelbliss.us,Clothing & Accessories,20350,Angelbliss,/display-logo-via-campaign/20350.gif,"Feb 3, 2025 18:14",Public Terms,Active,https://angelbliss.pxf.io/c/5980041/1745569/20350,true,Online Sale: 10%
3474392,AOFIT,https://aofithealth.com,Sports & Exercise Equipment,16396,AOFIT,/display-logo-via-campaign/16396.gif,"Jan 29, 2025 11:19",Public Terms,Expired,https://aofit.pxf.io/c/5980041/1364199/16396,true,Online Sale: 30%
361842,Arkuda Digital LLC - arkudadigital,http://www.arkudadigital.com,Apps,5172,Arkuda Digital,/display-logo-via-campaign/5172.gif,"Jan 30, 2025 04:46",Streaming Media Server,Active,https://arkmc.pxf.io/c/5980041/348881/5172,true,Media Streaming Apps: 0.01%
2542351,Aspen Brands,http://www.myweddingfavors.com/,Clothing & Accessories,12581,Corner Stork Baby Gifts,/display-logo-via-campaign/12581.gif,"Dec 8, 2025 21:13",Public Terms,Expired,https://cornerstorkbabygifts.pxf.io/c/5980041/923564/12581,true,Online Sale: 7%
3080606,atoms,http://atoms.com,Women's Apparel,14843,atoms,/display-logo-via-campaign/14843.gif,"Jan 30, 2025 04:46",Public Terms,Active,https://atoms.sjv.io/c/5980041/1179201/14843,true,Online Sale: 6%
5936385,Baby Gold,https://www.babygold.com,Jewelry & Watches,29616,Baby Gold ,/display-logo-via-campaign/29616.gif,"Dec 4, 2025 08:52",Baby Gold's Public Terms,Active,https://babygoldinc.pxf.io/c/5980041/2330918/29616,true,Online Sale: 8%
6141108,Best Choice Products,https://bestchoiceproducts.com,Bed & Bath,33479,Best Choice Products,/display-logo-via-campaign/33479.gif,"Dec 8, 2025 11:37",Public Terms,Active,https://bestchoiceproducts.sjv.io/c/5980041/2873487/33479,true,Online Sale: 10%
3618308,BistroMD,http://www.bistromd.com,Food & Beverages,17151,Silver Cuisine,/display-logo-via-campaign/17151.gif,"Feb 3, 2025 18:15",Public Terms,Active,https://silver-cuisine.pxf.io/c/5980041/1443777/17151,true,Online Sale: 7%
5052024,Blanka,http://blankabrand.com,"Apparel, Shoes & Accessories",22804,Blanka ,/display-logo-via-campaign/22804.gif,"Dec 8, 2025 21:17",Public Terms,Active,https://blanka.sjv.io/c/5980041/1904411/22804,true,"Recurring Subscription: 10%-20%
Trial: 0%"
2213920,Bluehost,https://www.bluehost.com/,Website Hosting,11352,Bluehost,/display-logo-via-campaign/11352.gif,"Feb 7, 2025 08:05",Public Terms,Active,https://bluehost.sjv.io/c/5980041/795082/11352,true,"Bluehost US: $65.00-$1,500.00"
3863603,Brother International Corporation,http://www.brother-usa.com/,Consumer Electronics,18036,Brother USA,/display-logo-via-campaign/18036.gif,"Jan 29, 2025 11:24",Public Terms,Active,https://brother.pxf.io/c/5980041/1546073/18036,true,"Refresh Subscription: 10%
Online Sale: 5%"
4648085,Burke Decor,http://www.burkedecor.com/,Kitchen & Dining,20791,Burke Decor,/display-logo-via-campaign/20791.gif,"Feb 3, 2025 18:17",Public Terms,Active,https://burkedecor.sjv.io/c/5980041/1766818/20791,true,Online Sale: 8%
5000383,Bytedance Pte. Ltd.,http://www.capcut.com/zh-tw/,"Apparel, Shoes & Accessories",22474,CapCut Affiliate Program,/display-logo-via-campaign/22474.gif,"Jan 13, 2025 00:39",Content Terms,Active,https://capcutaffiliateprogram.pxf.io/c/5980041/1876054/22474,true,"iPad-iOS-CapCut: 50%-60%
Purchase-PC: 50%-60%
Online Sale: 30%-45%
iPad-iOS-CapCut: USD3.00
Install-PC: USD3.00
Install: USD0.60-USD0.75"
6130537,Callie EU,https://www.callie.de/,Jewelry & Watches,33268,Callie EU,/display-logo-via-campaign/33268.gif,"Dec 8, 2025 11:30",Public IO,Active,https://calliegifts.pxf.io/c/5980041/2861164/33268,true,"Online Sale-NL: 11%
Online Sale-ES: 11%
Online Sale-IT: 11%
Online Sale-FR: 11%
Online Sale-DE: 11%"
2309331,CBD For Life,http://www.cbdforlife.us/,Sports Apparel & Accessories,11575,CBD For Life,/display-logo-via-campaign/11575.gif,"Jan 29, 2025 11:20",Public Terms,Active,https://imp.i295461.net/c/5980041/819381/11575,true,Online Sale: 15%
5836993,Cellresearch Consumer Health Pte Ltd,https://www.cellresearchcorp.com/,Cosmetics & Skin Care,28321,Calecim Professional Affiliate,/display-logo-via-campaign/28321.gif,"Dec 8, 2025 21:25",Public Terms,Active,https://calecim.pxf.io/c/5980041/2200344/28321,true,Online Sale: 20%
3699452,Cerebelly,http://cerebelly.com,Food & Gifts,17551,Cerebelly,/display-logo-via-campaign/17551.gif,"Feb 3, 2025 18:17",Public Terms,Active,https://cerebelly.sjv.io/c/5980041/1487650/17551,true,"Online Sale: 8%
Recurring Order: 0%"
3314523,CHICV INTERNATIONAL HOLDING LIMITED,https://zolucky.com,Women's Apparel,18221,Kollyy,/display-logo-via-campaign/18221.gif,"Jan 29, 2025 11:28",Public Term,Active,https://kollyy.sjv.io/c/5980041/1566914/18221,true,Online Sale: 10%
5796252,"Cleanster, Inc.",https://cleanster.com,Home Improvement,28000,"Cleanster, Inc.",/display-logo-via-campaign/28000.gif,"Dec 8, 2025 21:25",Public Terms,Active,https://cleansterinc.sjv.io/c/5980041/2177883/28000,true,Job Completed: $10.00
3938260,Coffee Bros,http://coffeebros.com/,Gourmet,18282,Coffee Bros.: Specialty Coffee + Equipment,/display-logo-via-campaign/18282.gif,"Jan 29, 2025 11:27",Entry Affiliate Terms with Bonus,Active,https://coffeebros.sjv.io/c/5980041/1574164/18282,true,"Online Sale: 4%-10%
Recurring Subscription: 0%"
10330,Contrail Inc,http://www.valuemags.com,Books & Magazines,156,ValueMags Magazine Store,/display-logo-via-campaign/156.gif,"Dec 8, 2025 11:30",Public IO,Active,https://valuemags.evyy.net/c/5980041/609/156,true,ValueMags Sale: 40%
2837280,Cowinaudio,https://www.cowinaudio.com,Sports & Exercise Equipment,13794,Cowinaudio,/display-logo-via-campaign/13794.gif,"Jan 29, 2025 11:25",Public Terms,Expired,https://cowinaudio.pxf.io/c/5980041/1078083/13794,true,Online Sale: 10%
4649559,DESIGNME Hair,http://designmehair.com,Spa & Personal Grooming,20790,DESIGNME Hair,/display-logo-via-campaign/20790.gif,"Jan 29, 2025 11:29",Public Terms,Expired,https://designmehair.pxf.io/c/5980041/1766804/20790,true,Online Sale: 3%-10%
4649559,DESIGNME Hair,http://designmehair.com,Spa & Personal Grooming,20933,DESIGNME Hair Canada,/display-logo-via-campaign/20933.gif,"Jan 29, 2025 11:27",Public Terms,Expired,https://designmehaircanada.pxf.io/c/5980041/1774283/20933,true,Online Sale: 3%-10%
2430605,Digitrading Hongkong Limited,https://www.dhgate.com,Women's Apparel,12108,DHgate,/display-logo-via-campaign/12108.gif,"Dec 8, 2025 21:14",Public Terms,Active,https://dhgate.sjv.io/c/5980041/868543/12108,true,"Purchase: 2%-50%
Android - DHgate App: 2%-50%
iOS - DHgate App: 2%-50%"
6362864,Doba.Inc,https://www.doba.com,"Apparel, Shoes & Accessories",38125,Doba Dropshipping,/display-logo-via-campaign/38125.gif,"Dec 8, 2025 11:33",Public Term,Active,https://dobainc.pxf.io/c/5980041/3090534/38125,true,Online Sales: 30%
4221510,DocuSign,http://www.docusign.com,B2B,19450,DocuSign,/display-logo-via-campaign/19450.gif,"Dec 8, 2025 11:37",Public Terms,Active,https://docusign.pxf.io/c/5980041/1679366/19450,true,"Paid Subscription: 15%
Free Trial: $0.00"
6239770,Dreamworld Research Inc.,https://foxy.ai,Apps,35655,Foxy.ai,/display-logo-via-campaign/35655.gif,"Dec 8, 2025 11:32",Public Terms,Expired,https://dreamworldresearchinc.pxf.io/c/5980041/2981579/35655,true,"Recurring Subscription: 30%
Subscription: 30%
Account Creation: $0.00"
5419592,DrTalks,https://drtalks.com,Career,24899,DrTalks,/display-logo-via-campaign/24899.gif,"Dec 8, 2025 21:14",Public Terms,Active,https://drtalks.pxf.io/c/5980041/2013193/24899,true,"Purchase: 50%
Sign Up: $2.00"
3528657,Dymocks Pty Ltd,http://dymocks.com.au,Collectibles & Hobbies,16665,Dymocks Books & Gifts ,/display-logo-via-campaign/16665.gif,"Dec 8, 2025 16:56",Public Terms,Active,https://dymocks-australia.pxf.io/c/5980041/1398797/16665,true,Online Sale: 0%
1912000,Easyship,https://www.easyship.com/,B2B,10435,Easyship Ambassador Program,/display-logo-via-campaign/10435.gif,"Jan 29, 2025 11:17",Easyship Standard,Active,https://easyship.ilbqy6.net/c/5980041/666308/10435,true,"Freemium Subscription: 100%
Shipping Transaction: 2.5%
Company Created: $0.00"
5447389,eat G.A.N.G.S.T.E.R.,https://www.eatgangster.com,Food & Gifts,25173,eat G.A.N.G.S.T.E.R.,/display-logo-via-campaign/25173.gif,"Feb 3, 2025 17:59",Public Terms,Active,https://eatgangster.pxf.io/c/5980041/2024542/25173,true,Online Sale: 20%
3870586,eBrands Global Oy,https://ebrands.com/,Games/Toys,18069,Puzzle Ready affiliate program,/display-logo-via-campaign/18069.gif,"Jan 29, 2025 11:26",Puzzle Ready Terms,Active,https://puzzlereadyaffiliateprogram.pxf.io/c/5980041/1549130/18069,true,Online Sale: 10%
3870586,eBrands Global Oy,https://ebrands.com/,Kitchen & Dining,18086,Happy Sinks Affiliate Program,/display-logo-via-campaign/18086.gif,"Jan 29, 2025 11:22",Happy Sinks terms,Active,https://happy-sinks-eu.sjv.io/c/5980041/1549971/18086,true,Online Sale: 10%
3870586,eBrands Global Oy,https://ebrands.com/,,18088,INDO Trick Scooter affiliate program,/display-logo-via-campaign/18088.gif,"Jan 29, 2025 11:27",INDO Public Terms,Active,https://indo-tricks-scooter.sjv.io/c/5980041/1549977/18088,true,Online Sale: 10%
3870586,eBrands Global Oy,https://ebrands.com/,,18089,Coach Soak affiliate program,/display-logo-via-campaign/18089.gif,"Jan 29, 2025 11:27",Coach Soak Terms,Active,https://coach-soak.sjv.io/c/5980041/1549982/18089,true,Online Sale: 20%
3870586,eBrands Global Oy,https://ebrands.com/,,18090,Bodyotics affiliate program,/display-logo-via-campaign/18090.gif,"Jan 29, 2025 11:27",Bodyotics Terms,Active,https://bodyotics.sjv.io/c/5980041/1549984/18090,true,Online Sale: 10%
3870586,eBrands Global Oy,https://ebrands.com/,Sports & Exercise Equipment,18091,Fofana affiliate program,/display-logo-via-campaign/18091.gif,"Jan 29, 2025 11:27",Public Terms,Active,https://fofana.sjv.io/c/5980041/1549986/18091,true,Online Sale: 10%
3870586,eBrands Global Oy,https://ebrands.com/,,18358,Penchant for Pleasure,/display-logo-via-campaign/18358.gif,"Jan 29, 2025 11:27",Public Terms,Active,https://penchant-for-pleasure.sjv.io/c/5980041/1582170/18358,true,Online Sale: 10%
3870586,eBrands Global Oy,https://ebrands.com/,Patio & Garden,18359,Big Bat Box,/display-logo-via-campaign/18359.gif,"Jan 29, 2025 11:25",Public Terms,Active,https://big-bat-box.pxf.io/c/5980041/1582173/18359,true,Online Sale: 15%
3870586,eBrands Global Oy,https://ebrands.com/,,18360,Striking Viking,/display-logo-via-campaign/18360.gif,"Jan 29, 2025 11:28",Public Terms,Active,https://viking-beard-gear.pxf.io/c/5980041/1582181/18360,true,Online Sale : 10%
3870586,eBrands Global Oy,https://ebrands.com/,Home & Garden,18361,Mioeco,/display-logo-via-campaign/18361.gif,"Jan 29, 2025 11:28",Public Terms,Active,https://mioeco.sjv.io/c/5980041/1582184/18361,true,Online Sale: 10%
3870586,eBrands Global Oy,https://ebrands.com/,Bed & Bath,18531,Pure Scentum Affiliate Program,/display-logo-via-campaign/18531.gif,"Jan 29, 2025 11:28",Public Terms,Active,https://pure-scentum.pxf.io/c/5980041/1597424/18531,true,Online Sale: 10%
3870586,eBrands Global Oy,https://ebrands.com/,Art & Craft Supplies,18532,Hieno Affiliate program,/display-logo-via-campaign/18532.gif,"Jan 29, 2025 11:26",Public Terms,Active,https://hieno-supplies.sjv.io/c/5980041/1597427/18532,true,Online Sale: 10%
3870586,eBrands Global Oy,https://ebrands.com/,Spa & Personal Grooming,18533,Ontaki Affiliate program,/display-logo-via-campaign/18533.gif,"Jan 29, 2025 11:28",Public Terms,Active,https://ontaki.pxf.io/c/5980041/1597430/18533,true,Online Sale: 10%
3870586,eBrands Global Oy,https://ebrands.com/,Women's Apparel,18534,Asebbo Affiliate program,/display-logo-via-campaign/18534.gif,"Jan 29, 2025 11:28",Public Terms,Active,https://asebbo.pxf.io/c/5980041/1597432/18534,true,Online Sale: 10%
3870586,eBrands Global Oy,https://ebrands.com/,Bed & Bath,18535,Byre Affiliate program,/display-logo-via-campaign/18535.gif,"Jan 29, 2025 11:28",Public Terms,Active,https://byre-group.pxf.io/c/5980041/1597434/18535,true,Online Sale: 10%
3870586,eBrands Global Oy,https://ebrands.com/,Spa & Personal Grooming,18536,Hana Emi Affiliate program,/display-logo-via-campaign/18536.gif,"Jan 29, 2025 11:28",Public Terms,Active,https://hana-emi.pxf.io/c/5980041/1597459/18536,true,Online Sale: 10%
3870586,eBrands Global Oy,https://ebrands.com/,Romance,18661,Nudco,/display-logo-via-campaign/18661.gif,"Jan 29, 2025 11:29",Public Terms,Active,https://nudco.pxf.io/c/5980041/1608960/18661,true,Online Sale: 10%
3870586,eBrands Global Oy,https://ebrands.com/,Women's Apparel,18662,Cloudfield,/display-logo-via-campaign/18662.gif,"Jan 29, 2025 11:29",Public Terms,Active,https://cloudfield.pxf.io/c/5980041/1608962/18662,true,Online Sale: 10%
3870586,eBrands Global Oy,https://ebrands.com/,Games/Toys,18664,GAFLY,/display-logo-via-campaign/18664.gif,"Jan 29, 2025 11:29",Public Terms,Active,https://gafly.pxf.io/c/5980041/1608966/18664,true,Online Sale: 10%
3870586,eBrands Global Oy,https://ebrands.com/,,18668,Silginnes,/display-logo-via-campaign/18668.gif,"Jan 29, 2025 11:29",Public Terms,Active,https://silginnes.sjv.io/c/5980041/1608972/18668,true,Online Sale: 10%
3870586,eBrands Global Oy,https://ebrands.com/,Art & Photography,18671,Throwback Traits,/display-logo-via-campaign/18671.gif,"Jan 29, 2025 11:29",Public Terms,Active,https://throwback-traits.pxf.io/c/5980041/1609234/18671,true,Online Sale: 10%
3870586,eBrands Global Oy,https://ebrands.com/,Sports Apparel & Accessories,24273,Angles90,/display-logo-via-campaign/24273.gif,"Feb 3, 2025 18:15",Public Terms,Active,https://angles90.sjv.io/c/5980041/1979996/24273,true,Online Sale: 10%
3870586,eBrands Global Oy,https://ebrands.com/,Sports Apparel & Accessories,24275,Lux,/display-logo-via-campaign/24275.gif,"Feb 3, 2025 18:13",Public Terms,Active,https://lux.sjv.io/c/5980041/1980001/24275,true,Online Sale: 10%
3870586,eBrands Global Oy,https://ebrands.com/,Spa & Personal Grooming,24278,Charlemange,/display-logo-via-campaign/24278.gif,"Feb 3, 2025 18:15",Public Terms,Active,https://charlemange.pxf.io/c/5980041/1980006/24278,true,Online Sale: 10%
3870586,eBrands Global Oy,https://ebrands.com/,Clothing & Accessories,24279,Baby Sunnies,/display-logo-via-campaign/24279.gif,"Feb 3, 2025 18:15",Public Terms,Active,https://babysunnies.pxf.io/c/5980041/1980009/24279,true,Online Sale: 10%
5605762,EezyBrands Corporation,https://www.eezysun.com/,Outdoors & Recreation,26398,EEZYSUN,/display-logo-via-campaign/26398.gif,"Jan 29, 2025 11:19",Public Terms,Active,https://eezybrandscorporation.pxf.io/c/5980041/2095091/26398,true,Online Sale: 20%
2998494,Electronicx,http://electronicx.de/,Parts & Accessories,14483,Electronicx,/display-logo-via-campaign/14483.gif,"Jan 29, 2025 11:25",Public Terms 10%,Expired,https://electronicx.pxf.io/c/5980041/1146066/14483,true,Sale: 10%
4950743,EMEET,http://emeet.com,B2B,22141,EMEET,/display-logo-via-campaign/22141.gif,"Feb 3, 2025 18:22",Public Terms,Expired,https://emeetcom.pxf.io/c/5980041/1850245/22141,true,Online Sale: 10%-12%
4950743,EMEET,http://emeet.com,B2B,22143,EMEET-JP,/display-logo-via-campaign/22143.gif,"Feb 3, 2025 18:15",Public Terms,Expired,https://emeetcojp.sjv.io/c/5980041/1850250/22143,true,Online Sale: 10%
5606089,Epha Medtech Inc.,https://www.linnerlife.com,,26400,LINNER OTC Heraing Aids,/display-logo-via-campaign/26400.gif,"Jan 29, 2025 11:21",General Terms,Active,https://ephamedtechinc.pxf.io/c/5980041/2095211/26400,true,Online Sale: 15%
5252685,Escalade Sports,http://www.escaladesports.com,Sports & Exercise Equipment,23851,Victory Tailgate,/display-logo-via-campaign/23851.gif,"Feb 3, 2025 18:15",Public Terms,Active,https://victorytailgate.pxf.io/c/5980041/1958176/23851,true,Online Sale: 10%
6476317,Esmond Natural Inc,https://www.esmondnaturalusa.com,Diet & Nutrition,40711,Esmond Natural USA,/display-logo-via-campaign/40711.gif,"Dec 8, 2025 11:34",Public Terms,Active,https://esmondnatural.sjv.io/c/5980041/3225303/40711,true,Online sale: 10%
4960297,Ettika,https://www.ettika.com,Women's Apparel,22195,Ettika,/display-logo-via-campaign/22195.gif,"Dec 4, 2025 08:52",Public Terms,Active,https://ettika.pxf.io/c/5980041/1852880/22195,true,Online Sale: 6%
6439311,Everything Kitchens,https://www.everythingkitchens.com,Kitchen & Dining,39833,Everything Kitchens,/display-logo-via-campaign/39833.gif,"Dec 8, 2025 11:33",Public Terms,Active,https://everythingkitchens.sjv.io/c/5980041/3193005/39833,true,Online Sale: 5%
5361946,EWP PTE. LTD,http://www.justfitpro.com,Apps,24460,JustFit,/display-logo-via-campaign/24460.gif,"Dec 8, 2025 21:14",Public Terms,Active,https://justfit.sjv.io/c/5980041/1989820/24460,true,"Online Sale: 45%
iOS-JustFit: 35%
Android-JustFit: 35%
iOS-JustFit: 0%
Android-JustFit: 0%"
5361946,EWP PTE. LTD,http://www.justfitpro.com,Apps,24461,Me+ Daily Routine Planner ,/display-logo-via-campaign/24461.gif,"Dec 8, 2025 21:18",Public Terms,Active,https://me.sjv.io/c/5980041/1989822/24461,true,"Android-Me+: 35%
iOS-Me+: 35%
Android-Me+: 0%
iOS-Me+: 0%"
5361946,EWP PTE. LTD,http://www.justfitpro.com,Apps,24462,"ShutEye®: Sleep Tracker, Sound",/display-logo-via-campaign/24462.gif,"Dec 8, 2025 21:18",shuteye,Active,https://shuteye.pxf.io/c/5980041/1989824/24462,true,"iOS-ShutEye: 35%
Android-ShutEye: 35%
iOS-ShutEye: 0%
Android-ShutEye: 0%"
6209626,EZGO Group Inc,https://mysmileteeth.com,Spa & Personal Grooming,34920,MySmile Oral Care Inc.,/display-logo-via-campaign/34920.gif,"Dec 8, 2025 11:32",Public Terms,Expired,https://ezgogroupinc.sjv.io/c/5980041/2947610/34920,true,Online Sale: 15%
3680081,Fabula Holdings,http://www.fabulacoffee.com,Food & Gifts,17440,Fabula Coffee,/display-logo-via-campaign/17440.gif,"Jan 29, 2025 11:18",Public Affiliate Contract,Active,https://fabula-coffee.sjv.io/c/5980041/1475817/17440,true,Online Sale: 25%
1398261,Fanatics,http://www.fanatics.com,Sports Apparel & Accessories,9675,NBA Store - Global,/display-logo-via-campaign/9675.gif,"Dec 20, 2025 03:43",Content 8%,Active,https://nbastore.vwz6.net/c/5980041/587271/9675,true,"NBA ROW: 8%
NBA AU: 8%
NBA EU: 8%
NBA UK: 8%
WNBA Store Online Sale: 8%
Canada - Online Sale: 8%
Online Sale: 4%-8%"
3860875,Fantasia Trading LLC｜Anker,http://anker.com,Consumer Electronics,18024,Eufy NL & CA,/display-logo-via-campaign/18024.gif,"Feb 3, 2025 18:22",Public Terms,Active,https://eufy.sjv.io/c/5980041/1543970/18024,true,"Online Sale - CA: 7%
Online Sale: 7%"
3860875,Fantasia Trading LLC｜Anker,http://anker.com,Consumer Electronics,18025,eufyMake,/display-logo-via-campaign/18025.gif,"Feb 3, 2025 18:16",Public Terms,Expired,https://eufymake.sjv.io/c/5980041/1543974/18025,true,"Online Sale - AU: 5%
Online Sale - CA: 5%
Online Sale - DE: 5%
Online Sale - ROE: 5%
Online Sale - UK: 5%
Online Sale - US: 5%"
5818160,Firmoo,https://www.firmoo.com,Bags & Accessories,28148,Firmoo,/display-logo-via-campaign/28148.gif,"Feb 3, 2025 18:16",Firmoo Affiliate,Expired,https://firmoo.sjv.io/c/5980041/2189449/28148,true,Online Sale: 10%
4944150,"First America Nutrition, LLC DBA Re-Vita",https://www.re-vita.com,Diet & Nutrition,22096,Re-Vita,/display-logo-via-campaign/22096.gif,"Dec 8, 2025 21:15",Public Terms,Active,https://revita.sjv.io/c/5980041/1847259/22096,true,Online Sale: 20%
3300819,FitVille,https://www.thefitville.com,Sports Apparel & Accessories,15852,FitVille,/display-logo-via-campaign/15852.gif,"Jan 29, 2025 11:26",Public Terms,Active,https://thefitville.pxf.io/c/5980041/1294267/15852,true,Online Sale: 10%
5758414,Five Iron Golf,https://fiveirongolf.com,Outdoors & Recreation,27652,Five Iron Golf,/display-logo-via-campaign/27652.gif,"Dec 8, 2025 16:53",Top Tier Media ,Active,https://fiveirongolf.sjv.io/c/5980041/2161757/27652,true,Purchase: 15%
4430895,Flying Shark,manlytshirt.com/,Women's Apparel,32511,oyrosy.com,/display-logo-via-campaign/32511.gif,"Dec 8, 2025 16:54",Public Terms,Active,https://oyrosycom.sjv.io/c/5980041/2820691/32511,true,Online Sale: 12%
1719504,Focus Camera & Lifestyle By Focus,http://www.focuscamera.com,Consumer Electronics,10228,Focus Camera & Lifestyle by Focus,/display-logo-via-campaign/10228.gif,"Dec 8, 2025 16:52",Public Terms,Active,https://focuscamera.pxi6.net/c/5980041/642856/10228,true,"API Online Sale: 3%
Online Sale: 3%"
6645969,French Transit,https://www.mychelle.com,Cosmetics & Skin Care,46622,French Transit - Creator,/display-logo-via-campaign/46622.gif,"Dec 19, 2025 10:56",Public Terms,Active,https://frenchtransit.pxf.io/c/5980041/3723573/46622,true,"Online Sale: 20%
Gift: $0.00
Creator Post: $0.00"
6124378,g4free,https://g4free.com,Sports Apparel & Accessories,33113,g4free activewear,/display-logo-via-campaign/33113.gif,"Dec 8, 2025 16:53",Public Term,Active,https://go.sjv.io/c/5980041/2853696/33113,true,Online Sale: 20%
2377136,"Gemini Business Operations, LLC",https://www.gemini.com,Loans & Financial Services,11829,Gemini Exchange,/display-logo-via-campaign/11829.gif,"Dec 8, 2025 21:13",Gemini Exchange | First Trade ,Active,https://gemini.sjv.io/c/5980041/845984/11829,true,"Android: $40.00
iOS: $40.00
First Trade: $40.00
Android: $0.00
iOS: $0.00
Account Signup: $0.00"
1297432,Global Widget,http://global-widget.com/,Diet & Nutrition,8793,Hemp Bombs,/display-logo-via-campaign/8793.gif,"Jan 29, 2025 11:19",Public Terms,Active,https://hempbombs.pxf.io/c/5980041/513867/8793,true,"Online Sale - HempBombsPlus: 20%
Online Sale: 20%"
4832860,GLORIA INTERNATIONAL MANAGEMENT LIMITED,https://www.goelia1995.com/,Women's Apparel,21530,GOELIA,/display-logo-via-campaign/21530.gif,"Dec 8, 2025 21:16",Public Terms,Active,https://goelia.sjv.io/c/5980041/1809827/21530,true,Online Sale: 8%
4832860,GLORIA INTERNATIONAL MANAGEMENT LIMITED,https://www.goelia1995.com/,Women's Apparel,36381,SG.GOELIA,/display-logo-via-campaign/36381.gif,"Dec 8, 2025 11:32",Public Terms,Active,https://sggoelia1995com.pxf.io/c/5980041/3014327/36381,true,Online Sales: 8%
4887444,GODLIKE DIGITAL SOLUTIONS S.R.L. (49011827),http://godlike.host/,Server Hosting,21774,Godlike.Host,/display-logo-via-campaign/21774.gif,"Jan 29, 2025 11:21",Public Terms,Expired,https://godlikehost.sjv.io/c/5980041/1826593/21774,true,Subscription: $20.00
4100680,GOLF le FLEUR*,http://golflefleur.com/,Women's Apparel,18983,GOLF le Fleur,/display-logo-via-campaign/18983.gif,"Dec 8, 2025 18:04",Public Terms,Active,https://golf-le-fleur.sjv.io/c/5980041/1637479/18983,true,Online Sale: 8%
3596386,GOLF Partner,http://golfpartnerusa.com/,Sports Apparel & Accessories,17026,GOLF Partner,/display-logo-via-campaign/17026.gif,"Feb 3, 2025 18:22",Public Terms,Active,https://golfpartner.sjv.io/c/5980041/1433527/17026,true,Online Sale: 7%
5405216,GoMoWorld,http://www.gomoworld.com,Mobile Services & Telecommunications,24792,GoMoWorld,/display-logo-via-campaign/24792.gif,"Dec 8, 2025 21:23",Public Terms,Active,https://gomoworld.pxf.io/c/5980041/2007335/24792,true,"Card Linked Offers: 15%
GoMoWorld - Android: 15%
GoMoWorld - iOS: 15%
Online Sale: 15%"
6439679,Good Greek Moving and Storage,https://greekmoving.com,Loans & Financial Services,39845,Good Greek Moving and Storage,/display-logo-via-campaign/39845.gif,"Dec 8, 2025 11:33",Move,Active,https://goodgreekmovingandstorage.pxf.io/c/5980041/3193355/39845,true,Sale: 4%
4960059,Greatfill,http://www.greatfill.com,Home & Garden,22192,Greatfill,/display-logo-via-campaign/22192.gif,"Dec 8, 2025 16:55",Greatfill Contract Terms: 15% Commission,Active,https://greatfill.pxf.io/c/5980041/1852679/22192,true,Online Sale     : 10%-15%
5786793,GROWNSY,https://grownsy.com/,Baby & Kids Home,27880,GROWNSY,/display-logo-via-campaign/27880.gif,"Jan 29, 2025 11:25",BFCM Limited-Time Commission Increase (18%) Terms,Expired,https://grownsy.sjv.io/c/5980041/2174466/27880,true,Online Sale: 18%
2651503,GrowTal Inc,https://www.growtal.com/,B2B,12940,GrowTal - Hire an expert for your business-,/display-logo-via-campaign/12940.gif,"Dec 8, 2025 21:13",GrowTal Public Terms,Active,https://growtal.sjv.io/c/5980041/981894/12940,true,"Purchased package: $500.00
Closed Won: $500.00
Lost / Didn't move forward: $0.00
Sent project exhibit: $0.00
Sent client agreement: $0.00
Didn't Show to call: $0.00
Scheduled call: $0.00
Contacted: $0.00
Lead Submitted: $0.00"
6365863,Gyroor,https://gyroorboard.com,Transportation,38212,Gyroor,/display-logo-via-campaign/38212.gif,"Dec 8, 2025 11:33",Public Terms,Active,https://gyroor.pxf.io/c/5980041/3093220/38212,true,Online Sale gyroorboard: 10%
4004857,"Hangzhou Tangpushi Home Products Co., Ltd",https://www.twopagescurtains.com,Gifts & Stationery,18544,TWOPAGES,/display-logo-via-campaign/18544.gif,"Jan 29, 2025 11:29",KOL(Content),Active,https://twopages.pxf.io/c/5980041/1597849/18544,true,Online Sale: 10%-14%
6220997,Helium Mobile,https://hellohelium.com,Apps,35175,Helium Mobile,/display-logo-via-campaign/35175.gif,"Dec 8, 2025 11:32",Public Terms,Active,https://heliummobile1.sjv.io/c/5980041/2959344/35175,true,"Android Helium: $10.00
Android Helium: $10.00
iOS Helium: $10.00
iOS Helium: $10.00"
5476506,Helmsman Crystal,https://www.helmsmancrystal.com,Jewelry & Watches,25445, HELMSMAN CRYSTAL,/display-logo-via-campaign/25445.gif,"Jan 29, 2025 11:21",Public IO,Expired,https://helmsmancrystal.sjv.io/c/5980041/2039009/25445,true,Online Sales: 15%
3569079,"HK Petrus International Trade Co., Limited",http://www.wherelight.com,Women's Apparel,16860,wherelight,/display-logo-via-campaign/16860.gif,"Jan 29, 2025 11:21",Public Terms,Active,https://wherelight.pxf.io/c/5980041/1416907/16860,true,Online Sale: 10%
3569079,"HK Petrus International Trade Co., Limited",http://www.wherelight.com,Women's Apparel,17880,mooglasses,/display-logo-via-campaign/17880.gif,"Jan 29, 2025 11:20",Public Terms,Active,https://mooglasses.sjv.io/c/5980041/1528503/17880,true,Online Sale: 18%
5086777,Homestyler,https://www.homestyler.com,"Home, Pet & Garden",22993,Homestyler,/display-logo-via-campaign/22993.gif,"Jan 29, 2025 11:19",Homestyler Affiliate Program Terms Campaign Terms,Active,https://homestyler.sjv.io/c/5980041/1917730/22993,true,"Online Sale: 20%-30%
Sign Up: 0%"
3604765,"Hong Kong Yuzhou Information Technology Co.,Limited",http://www.rosewe.com,Women's Apparel,17059,Modlily,/display-logo-via-campaign/17059.gif,"Feb 3, 2025 18:16",Public Terms,Active,https://modlily.sjv.io/c/5980041/1436026/17059,true,Online Sale: 8%
5597897,"Hongkong Tanlink Technology Co., Limited",https://wolfbox.com,Parts & Accessories,26466,redtigercam.com,/display-logo-via-campaign/26466.gif,"Dec 4, 2025 08:52",Default Terms,Active,https://redtigercamcom.pxf.io/c/5980041/2098737/26466,true,Online Sale: 8%
3918227,Hototools,https://hototools.com,Home Improvement,18215,HOTO,/display-logo-via-campaign/18215.gif,"Jan 29, 2025 11:27",Public Terms,Active,https://hototools.sjv.io/c/5980041/1565352/18215,true,Online Sale: 10%
5680519,HUAKE LIMITED,https://www.lightingwill.com,B2B,27006,LightingWill,/display-logo-via-campaign/27006.gif,"Dec 8, 2025 16:55",Public Terms,Active,https://lightingwill.sjv.io/c/5980041/2126013/27006,true,OnlineSale - TEST: 10%
6483898,Inbox Hero,https://inboxhero.win,B2B,40942,Inbox Hero - AI Email Management for Microsoft 365,/display-logo-via-campaign/40942.gif,"Dec 8, 2025 11:35",Public Terms,Active,https://goto.inboxhero.win/c/5980041/3231515/40942,true,Recurring Subscription: 30%
3064302,Innovative Extracts,http://www.ie-cbd.com,Food & Gifts,14789,Innovative Extracts Affiliate Partnership (IEAP),/display-logo-via-campaign/14789.gif,"Jan 29, 2025 11:19",Public Terms,Active,https://innovative-extracts.pxf.io/c/5980041/1171993/14789,true,Online Sale: 30%
5640357,Institute for Integrative Nutrition,https://www.integrativenutrition.com/,Diet & Nutrition,26704,Institute for Integrative Nutrition,/display-logo-via-campaign/26704.gif,"Dec 8, 2025 11:38",IIN 15% Commission of On-Site Sale,Active,https://instituteforintegrativenutrition.pxf.io/c/5980041/2108424/26704,true,"Purchase: 15%
Lead: $0.00"
5516244,Intellectia,https://intellectia.ai,Software,25651,Intellectia.AI,/display-logo-via-campaign/25651.gif,"Feb 13, 2025 22:30",New Terms,Active,https://intellectia.sjv.io/c/5980041/2050263/25651,true,Online Sales: 40%
2588106,International Open Academy,https://internationalopenacademy.com,"Home, Pet & Garden",12764,International Open Academy,/display-logo-via-campaign/12764.gif,"Jan 29, 2025 11:18",Public Terms,Active,https://ioa.pxf.io/c/5980041/955476/12764,true,Sale (Tag): 20%
2463760,InVideo,http://www.invideo.io,Images,12258,InVideo,/display-logo-via-campaign/12258.gif,"Jan 8, 2025 08:30",Public Terms,Active,https://invideo.sjv.io/c/5980041/883681/12258,true,"InVideo AI - Paid Subscription: 25%-50%
Recurring Subscription: 50%
Paid Subscription: 25%-50%
Invideo AI - Android: 25%
Invideo AI - iOS: 25%
Invideo AI - Android: 0%
Invideo AI - Android: 0%
Invideo AI - Android: 0%
Invideo AI - iOS: 0%
Invideo AI - iOS: 0%
Invideo AI - iOS: 0%
inVideo AI - Sign-up: USD0.00
Sign-up: USD0.00"
3273954,IPRoyal,http://iproyal.com,Apps,15731,IPRoyal,/display-logo-via-campaign/15731.gif,"Jan 29, 2025 11:26",IPRoyal Public Terms,Active,https://iproyal.sjv.io/c/5980041/1281667/15731,true,"Payout Request: 10%
Order Sum : 10%
Proxy Registration: US$0.00
Pawns Registration: US$0.00"
5282391,Issyzone,http://www.kemimoto.com/,Sports Apparel & Accessories,24058,Kemimoto.com,/display-logo-via-campaign/24058.gif,"Feb 3, 2025 18:23",Public Terms,Active,https://kemimoto.sjv.io/c/5980041/1967094/24058,true,Online Sale: 7%
3844708,jAlbum AB,http://jalbum.net,Website Hosting,17916,jAlbum Affiliate Program,/display-logo-via-campaign/17916.gif,"Jan 29, 2025 11:19",Public Terms,Active,https://jalbum-affiliate-program.sjv.io/c/5980041/1531950/17916,true,Online Sale: 20%
6496452,"Jingjiang Zhizao Eyewear Industry (Shenzhen) Co., Ltd.",https://www.wooeyeshop.com,Cosmetics & Skin Care,41189,WOOEYE COLOR CONTACT LENSES,/display-logo-via-campaign/41189.gif,"Dec 4, 2025 08:52",creator15%,Active,https://jingjiangzhizaoeyewearindustryshenzhencoltd.sjv.io/c/5980041/3248180/41189,true,Online Sale: 15%
3458354,Kailo,http://Gokailo.com,First Aid & pharmacy,16311,Kailo™ - Pain Relief Patch,/display-logo-via-campaign/16311.gif,"Jan 29, 2025 11:26",Public Terms,Active,https://kailo.sjv.io/c/5980041/1354101/16311?utm_campaign=xca1&utm_medium=xca1&utm_source=xca1354101,true,Online Sale: 10%
3114293,Kikoff,https://kikoff.com,"Credit Cards, Reporting & Repair",14994,Kikoff,/display-logo-via-campaign/14994.gif,"Jan 30, 2025 04:45",Public Terms - $10 Payment Success,Active,https://kikoff.pxf.io/c/5980041/1198412/14994,true,"Payment Success - Canada Users: $10.00
Payment success: $10.00
Credit Account Open: $0.00
Identity Verification: $0.00"
6402861,kingbullbike,https://www.kingbullbike.com/,Sports Apparel & Accessories,38928,Kingbull Electric Bikes,/display-logo-via-campaign/38928.gif,"Dec 8, 2025 11:34",Public Terms,Active,https://kingbulltechnologycolimited.pxf.io/c/5980041/3120144/38928,true,Online Sale: 8%
2363117,KKday Singapore PTE. LTD.,https://kkday.com,Transportation,11745,KKday Australia,/display-logo-via-campaign/11745.gif,"Feb 3, 2025 18:24",Public Terms,Active,https://kkday.sjv.io/c/5980041/840050/11745,true,Online Sale: 2%-5%
3482511,KraveBeauty,http://kravebeauty.com,Cosmetics & Skin Care,16459,KraveBeauty,/display-logo-via-campaign/16459.gif,"Dec 19, 2025 10:55",Public Terms- 5% Commission,Active,https://kravebeauty.pxf.io/c/5980041/1371642/16459,true,Online Sale: 5%
5844566,"Lechuang Tiancheng Technology（HK） Co., Limited",https://www.torraslife.com,Consumer Electronics,28430,TORRAS,/display-logo-via-campaign/28430.gif,"Dec 8, 2025 16:54",Public Terms,Active,https://torras.sjv.io/c/5980041/2207451/28430,true,Online Sale: 10%
1393750,Lenovo India,http://www.lenovo.com/in/en,Computers,9634,Lenovo India,/display-logo-via-campaign/9634.gif,"Jan 30, 2025 04:45",Public Terms,Active,https://lenovo-in.zlvv.net/c/5980041/584269/9634,true,Online Sale: 2%-5%
1217855,LightInTheBoxLimited,http://www.eechic.com,Men's Apparel,17020,Printrendy,/display-logo-via-campaign/17020.gif,"Jan 29, 2025 11:20",Public Terms,Active,https://printrendy.pxf.io/c/5980041/1432688/17020,true,Online Sale: 1%
3216843,Limitless Technology Sdn Bhd,http://www.flowerchimp.com,Flowers,15391,LVLY SEA,/display-logo-via-campaign/15391.gif,"Feb 3, 2025 18:22",Public Terms,Active,https://lvly.pxf.io/c/5980041/1249826/15391,true,Online Sale: 7%
4909972,Love & Pebble,https://loveandpebble.com,Spa & Personal Grooming,21910,Love & Pebble,/display-logo-via-campaign/21910.gif,"Jan 29, 2025 11:21",Public Terms,Active,https://lovepebble.sjv.io/c/5980041/1834720/21910,true,"Online Sale: 15%
Recurring Subscription: 0%"
3032696,Lovevery - U.S. Affiliates,http://lovevery.com,Games/Toys,14700,Lovevery,/display-logo-via-campaign/14700.gif,"Jan 29, 2025 11:25",$0 Terms | Temporary Update,Active,https://lovevery.pxf.io/c/5980041/1161588/14700,true,"Online Sale: 0%
Clicks: $0.00
Email Captured: $0.00"
4966334,LSTX LLC,http://www.luxurytoyx.com,,22260,Luxury Toy X,/display-logo-via-campaign/22260.gif,"Jan 29, 2025 11:21",Public Terms,Active,https://lstx.sjv.io/c/5980041/1858451/22260,true,Online Sale : 15%
4253690,Lumiere Affiliate marketing,http://lumierehairs.com,Women's Apparel,19594,Lumiere Affiliate marketing,/display-logo-via-campaign/19594.gif,"Jan 29, 2025 11:27",Public Terms,Active,https://lumiereaffiliatemarketing.sjv.io/c/5980041/1688218/19594,true,Online Sale: 10%
5174118,Luxury Escapes,http://www.luxuryescapes.com,Transportation,23356,Luxury Escapes,/display-logo-via-campaign/23356.gif,"Feb 3, 2025 18:24",Public Terms,Active,https://luxuryescapes.sjv.io/c/5980041/1936432/23356,true,Online Sale: 1%-8%
355899,MacPaw Way Ltd.,http://setapp.com,Apps,5114,Setapp,/display-logo-via-campaign/5114.gif,"Dec 4, 2025 08:52",Public IO,Active,https://setapp.sjv.io/c/5980041/343321/5114,true,"Subscription start (API): USD20.00
Gift Card Purchase: 15%"
6147904,MACROSOFT STORE S.R.L.,https://www.macrosoft.store,Software,33612,MACROSOFT STORE S.R.L.,/display-logo-via-campaign/33612.gif,"Dec 8, 2025 21:24",Public Terms,Active,https://macrosoftstoresrl.pxf.io/c/5980041/2881519/33612,true,Sale: 18%
6675705,Margovil,https://www.margovil.com,Women's Apparel,44973,Margovil,/display-logo-via-campaign/44973.gif,"Dec 8, 2025 11:34",Public Terms,Active,https://margovil.pxf.io/c/5980041/3384076/44973,true,Online Sale: 15%
349711,marketXLS Limited - technitya,http://www.marketxls.com,Apps,5139,MarketXLS,/display-logo-via-campaign/5139.gif,"Jan 29, 2025 11:25",Public IO,Active,https://marketxls.pxf.io/c/5980041/346120/5139,true,affiliatetracker: 10%
6376051,MARLOWE Skin,https://marloweskin.com,Spa & Personal Grooming,38406,MARLOWE Skin,/display-logo-via-campaign/38406.gif,"Dec 4, 2025 08:52",Marlowe,Active,https://marloweskin.pxf.io/c/5980041/3099667/38406,true,Online Sale: 10%
255547,Martinic - martinic,http://www.martinic.com,Software,4482,Martinic Audio,/display-logo-via-campaign/4482.gif,"Jan 29, 2025 11:18",Public IO,Active,https://martinic.evyy.net/c/5980041/281363/4482,true,Sale: 30%
2405898,Meyer,http://www.meyerus.com,Kitchen & Dining,15440,Meyer Brand Cookware,/display-logo-via-campaign/15440.gif,"Dec 8, 2025 16:55",Public Terms,Active,https://meyerbrandcookware.sjv.io/c/5980041/1254357/15440,true,Online Sale: 8%
5591995,MFI Medical,https://mfimedical.com,First Aid & pharmacy,26283,MFI Medical,/display-logo-via-campaign/26283.gif,"Feb 3, 2025 18:24",Public Terms,Active,https://mfimedical.sjv.io/c/5980041/2089249/26283,true,Online Sale: 2%
5432839,MLILYUSA INC,https://egohome.com,Bed & Bath,25041,EGOHOME,/display-logo-via-campaign/25041.gif,"Feb 3, 2025 18:16",Public Terms,Active,https://mlilyusainc.pxf.io/c/5980041/2018639/25041,true,Online Sale: 10%
5428688,Modern AI,https://modern.ai,Women's Apparel,25011,Shop If Then,/display-logo-via-campaign/25011.gif,"Dec 8, 2025 21:28",Public Terms,Active,https://shopifthen.pxf.io/c/5980041/2018015/25011,true,Online Sale: 15%
6051938,Moon Oral Beauty,https://moonoralbeauty.com/,Spa & Personal Grooming,31546,Moon Oral Beauty,/display-logo-via-campaign/31546.gif,"Dec 7, 2025 16:53",Public Terms,Active,https://moonoralbeauty.pxf.io/c/5980041/2750736/31546,true,Online Sale: 10%
5869300,MOSHIQA,https://moshiqa.com,,28814,MOSHIQA,/display-logo-via-campaign/28814.gif,"Jan 29, 2025 11:22",Public Terms,Active,https://moshiqa.pxf.io/c/5980041/2225184/28814?trafsrc=Impact,true,Online Sale: 15%
2965494,Muc-Off,https://muc-off.com/,Sports Apparel & Accessories,14325,Muc-Off,/display-logo-via-campaign/14325.gif,"Jan 29, 2025 11:25",Default 7%,Active,https://mucoff.sjv.io/c/5980041/1131496/14325,true,"Recurring Subscription: 10%
Online Sale: 7%-10%"
6193071,MyDataRemoval,https://www.mydataremoval.com,B2B,34569,MyDataRemoval,/display-logo-via-campaign/34569.gif,"Dec 8, 2025 11:32",Public Terms,Active,https://goto.mydataremoval.com/c/5980041/2928977/34569,true,"Subscription Purchase: 35%
Free Scan: $0.00"
6683192,MYNEXTBIKE Ltd,https://mynextbike.co.uk,Sports & Exercise Equipment,45081,MyNextBike,/display-logo-via-campaign/45081.gif,"Dec 8, 2025 11:32",Public Terms,Active,https://mynextbikeltd.pxf.io/c/5980041/3390549/45081,true,Online Sale: 5%
2713943,Naturecan,https://uk.naturecan.com,Health & Beauty,13215,Naturecan Germany,/display-logo-via-campaign/13215.gif,"Dec 8, 2025 21:14",Public Terms,Active,https://naturecan-de.sjv.io/c/5980041/1009676/13215,true,Online Sale: 5%
3004651,Next Insurance,http://www.nextinsurance.com/,Insurance,14516,NEXT Insurance,/display-logo-via-campaign/14516.gif,"Nov 4, 2025 09:14",Public Terms,Active,https://nextinsurance.sjv.io/c/5980041/1148969/14516,true,"Quote: $25.00
Purchase: 0%
Lead: $0.00"
5745273,NicheLife INC,https://alivinghome.com,Furniture & Home Decor,27493,AlivingHome,/display-logo-via-campaign/27493.gif,"Feb 7, 2025 06:24",Public Terms,Active,https://nichelifeinc.pxf.io/c/5980041/2155701/27493,true,Online Sale: 6%
6252387,Niphean,https://niphean.com,Outdoors & Recreation,36022,Niphean,/display-logo-via-campaign/36022.gif,"Dec 8, 2025 11:32",Public Terms - Welcome Join NiPHEAN Affiliate Program,Active,https://nipheanoutdoorcolimited.pxf.io/c/5980041/2998218/36022,true,Online Sale: 10%
6657464,Nobis Inc,https://nobis.com,Women's Apparel,44724,Nobis,/display-logo-via-campaign/44724.gif,"Dec 8, 2025 11:35",Public Terms,Active,https://nobisinc.pxf.io/c/5980041/3373557/44724,true,"Online Sale (EU): 5%
Online Sale (US): 5%
Online Sale (CA): 5%"
6495185,NoScrubs Laundry Service,https://noscrubs.com,,41211,NoScrubs Laundry Service,/display-logo-via-campaign/41211.gif,"Dec 8, 2025 11:35",Public Terms,Active,https://noscrubslaundryservice.pxf.io/c/5980041/3248618/41211,true,First Month Purchase: $50.00
4729787,notjustagency,http://www.onemilebike.com/en-us,Sports & Exercise Equipment,21135,Onemile,/display-logo-via-campaign/21135.gif,"Feb 3, 2025 18:14",Public Terms,Active,https://onemilebike.sjv.io/c/5980041/1787045/21135,true,Online Sale: 10%
2532709,"OnePlus Technology (Shenzhen) Co., Ltd.",https://www.oneplus.com,Consumer Electronics,14044,OnePlus FR,/display-logo-via-campaign/14044.gif,"Dec 8, 2025 16:52",Public Terms,Active,https://oneplusfr.sjv.io/c/5980041/1103247/14044,true,Online Sale API - FR: 2%-5%
5213649,"Oova, Inc.",https://www.oova.life,First Aid & pharmacy,23669,"Oova, Inc.",/display-logo-via-campaign/23669.gif,"Dec 8, 2025 21:22",Public Terms,Active,https://oova.sjv.io/c/5980041/1949316/23669,true,Online Sale: 10%
5062716,Oral B ES,http://www.oralb.es/es-es/,First Aid & pharmacy,22902,Oral B ES,/display-logo-via-campaign/22902.gif,"Feb 3, 2025 18:23",Public Terms,Active,https://oralbes.pxf.io/c/5980041/1908917/22902,true,Online Sale: 6%
3274582,Packed with Purpose,http://packedwithpurpose.gifts,B2B,15751,Packed with Purpose,/display-logo-via-campaign/15751.gif,"Feb 3, 2025 18:16",Public Terms,Expired,https://packedwithpurpose.pxf.io/c/5980041/1283558/15751,true,"Online Sale: 8%
B2B Closed Won Deal: $4.00"
2847008,Parallels,http://parallels.com,Computers,20119,Corel,/display-logo-via-campaign/20119.gif,"Dec 8, 2025 21:30",Public Terms,Active,https://corel.sjv.io/c/5980041/1731376/20119,true,Online Sale: 10%
2847008,Parallels,http://parallels.com,Computers,20231,MindManager,/display-logo-via-campaign/20231.gif,"Feb 3, 2025 18:14",Public Terms,Active,https://mindmanager.sjv.io/c/5980041/1740331/20231,true,Online Sale: 10%
2847008,Parallels,http://parallels.com,Apps,21243,Video editing program,/display-logo-via-campaign/21243.gif,"Dec 8, 2025 17:18",Public Terms,Active,https://videoeditingprogram.pxf.io/c/5980041/1793092/21243,true,Online Sale: 10%
2085639,Paw.com,https://paw.com,Pet Supplies,11126,paw.com,/display-logo-via-campaign/11126.gif,"Jan 29, 2025 11:25",Public Terms - US + CA,Expired,https://imp.i200982.net/c/5980041/770184/11126,true,"Online Sale - CA: 10%
Online Sale - US: 10%"
298281,Points,http://www.points.com,Transportation,4704,United Airlines MileagePlus - Points.com,/display-logo-via-campaign/4704.gif,"Jan 29, 2025 11:48",Public Terms,Active,https://united.elfm.net/c/5980041/302886/4704,true,Online Sale: 2.5%
298281,Points,http://www.points.com,Transportation,4705,Southwest Airlines Rapid Rewards - Points.com,/display-logo-via-campaign/4705.gif,"Jan 29, 2025 11:48",Public Terms,Active,https://swa.eyjo.net/c/5980041/302888/4705,true,Online Sale: 2.5%
298281,Points,http://www.points.com,Transportation,4707,Alaska Airlines Mileage Plan - Points.com,/display-logo-via-campaign/4707.gif,"Jan 29, 2025 11:48",Public Terms,Active,https://alaska.gqco.net/c/5980041/302892/4707,true,Online Sale: 2.5%
298281,Points,http://www.points.com,Accommodations,4797,IHG Rewards Club - Points.com,/display-logo-via-campaign/4797.gif,"Jan 29, 2025 11:48",Public Term,Active,https://ihg.hmxg.net/c/5980041/310617/4797,true,Online Sale: 2.5%
298281,Points,http://www.points.com,Accommodations,4823,Hilton Honors Rewards - Points.com,/display-logo-via-campaign/4823.gif,"Jan 30, 2025 04:45",Public Terms,Active,https://hilton.ijrn.net/c/5980041/314255/4823,true,Online Sale: 2.5%
298281,Points,http://www.points.com,Accommodations,4882,World of Hyatt - Points.com,/display-logo-via-campaign/4882.gif,"Jan 30, 2025 04:44",Public Terms,Active,https://hyatt.jewn.net/c/5980041/319067/4882,true,Online Sale: 2.5%
298281,Points,http://www.points.com,Transportation,4883,JetBlue TrueBlue - Points.com,/display-logo-via-campaign/4883.gif,"Feb 12, 2025 01:48",Public Terms,Active,https://jetblue.jyeh.net/c/5980041/319069/4883,true,Online Sale: 2.5%
298281,Points,http://www.points.com,Transportation,4885,Choice Privileges - Points.com,/display-logo-via-campaign/4885.gif,"Dec 7, 2025 16:43",Public Terms,Active,https://choice.mtko.net/c/5980041/319073/4885,true,Online Sale: 2.5%
298281,Points,http://www.points.com,Transportation,4926,Air France KLM Flying Blue - Points.com,/display-logo-via-campaign/4926.gif,"Dec 7, 2025 16:43",Public Terms,Active,https://afklm.tcux.net/c/5980041/321349/4926,false,"Subscription: 10%
Online Sale: 2.5%"
298281,Points,http://www.points.com,Accommodations,4937,Marriott Bonvoy - Points.com,/display-logo-via-campaign/4937.gif,"Feb 12, 2025 01:48",Public Terms,Active,https://marriott.pxf.io/c/5980041/321373/4937,true,Online Sale: 2.5%
298281,Points,http://www.points.com,Transportation,5123,Copa Airlines ConnectMiles - Points.com,/display-logo-via-campaign/5123.gif,"Dec 8, 2025 11:31",Public Terms,Active,https://copa.sjv.io/c/5980041/343960/5123,true,Online Sale: 2.5%
298281,Points,http://www.points.com,Transportation,5124,Etihad Guest - Points.com,/display-logo-via-campaign/5124.gif,"Dec 8, 2025 16:52",Public Terms,Active,https://etihad.vkuz.net/c/5980041/343962/5124,true,Online Sale: 2.5%
298281,Points,http://www.points.com,Travel,11750,Qatar Airways Privilege Club - Points.com,/display-logo-via-campaign/11750.gif,"Jan 30, 2025 04:45",Public Terms,Active,https://qatarpts.pxf.io/c/5980041/840242/11750,true,Online Sale: 0%
5134406,Porch Moving Group,http://hireahelper.com,Transportation,23199,Hire A Helper,/display-logo-via-campaign/23199.gif,"Dec 8, 2025 21:30",Public Terms,Active,https://porchmovinggroup.pxf.io/c/5980041/1929532/23199,false,"Booking Completed: $50.00
Booking Scheduled: $0.00"
5986476,"PremiumStyle Co., Limited",https://fireladyfurclothing.com/,Women's Apparel,30483,Firelady Sheepskin,/display-logo-via-campaign/30483.gif,"Dec 8, 2025 21:25",Public Terms,Active,https://fireladysheepskin.sjv.io/c/5980041/2537812/30483,true,Online Sale: 15%
5353686,Preply,https://preply.com/,Apps,24422,Preply Learners,/display-logo-via-campaign/24422.gif,"Dec 8, 2025 16:55",Revenue Share - 70%,Active,https://preply.sjv.io/c/5980041/1987575/24422,true,"New Trials: 70%
Subscription: 0%"
4058481,Printed Mint,https://printedmint.com,B2B,18781,Printed Mint Partner Program,/display-logo-via-campaign/18781.gif,"Jan 29, 2025 11:21",Public Terms,Active,https://printed-mint-partner-program.sjv.io/c/5980041/1617517/18781,true,Online Sale: 15%
3017372,Prop Money Inc.,http://propmoney.com,Art & Photography,14559,Prop Money Inc.,/display-logo-via-campaign/14559.gif,"Feb 3, 2025 18:17",7%,Active,https://propmoneyinc.pxf.io/c/5980041/1151627/14559,true,Online Sale: 7%
6582081,Realm Living,https://realmhome.com/,"Home, Pet & Garden",42972,Realm Living,/display-logo-via-campaign/42972.gif,"Dec 26, 2025 07:26",Public Terms,Active,https://realmliving.sjv.io/c/5980041/3299041/42972?trafsrc=Impact1,true,"Qualified Meeting Attended: $500.00
Sign Up: $0.00"
5657064,Reemo Innovation Limited,https://mowrator.com,Patio & Garden,28771,Mowrator AU,/display-logo-via-campaign/28771.gif,"Dec 8, 2025 16:54",公开条款,Active,https://mowratorau.sjv.io/c/5980041/2223524/28771,true,Online Sale: 10%
5451694,ReGlow,https://reglow.com,Diet & Nutrition,25225,ReGlow,/display-logo-via-campaign/25225.gif,"Dec 8, 2025 21:22",Public Terms,Active,https://reglow.sjv.io/c/5980041/2026662/25225,true,"Recurring Subscription: 15%
Customer Charged: 10%
Treatment Selected : $0.00"
5987594,Rockstar Original,https://www.rockstaroriginal.com,,30462,Rockstar Original,/display-logo-via-campaign/30462.gif,"Dec 4, 2025 08:52",Rockstar Community,Active,https://rockstaroriginal.pxf.io/c/5980041/2532718/30462,true,Online Sale: 5%
5983303,Rowabi LLC,https://www.rowabi.com,Home & Garden,30391,Rowabi LLC,/display-logo-via-campaign/30391.gif,"Dec 8, 2025 16:54",Public Terms,Active,https://rowabillc.pxf.io/c/5980041/2519345/30391,true,Online Sale: 10%
6655731,ROWAN INTERNATIONAL LIMITED,https://kismile.com,Kitchen & Dining,44848,Kismile,/display-logo-via-campaign/44848.gif,"Dec 8, 2025 11:34",Public Terms,Active,https://kismile.sjv.io/c/5980041/3380147/44848,true,Online Sale: 10%
5062446,RSE affiliate program,https://www.iseehair.com,Women's Apparel,22899,wigfever.com,/display-logo-via-campaign/22899.gif,"Dec 4, 2025 08:52",Public Terms,Active,https://wigfever.sjv.io/c/5980041/1908603/22899,true,Online Sale: 6%
5062446,RSE affiliate program,https://www.iseehair.com,Women's Apparel,22900,ohmyprettywig.com,/display-logo-via-campaign/22900.gif,"Dec 4, 2025 08:52",Public Terms,Active,https://ohmyprettywig.pxf.io/c/5980041/1908605/22900,true,Online Sale: 6%
5930613,SamBoat,https://www.samboat.com,Vacations,29521,SamBoat,/display-logo-via-campaign/29521.gif,"Dec 8, 2025 16:54",Public Terms,Expired,https://samboat.pxf.io/c/5980041/2313621/29521,true,"Payment: 7.5%
Prepayment: 0%
Request DevisPopUp: 0%
Request devis: 0%
Request contact: EUR0.00"
3069678,SAME LOS ANGELES,http://www.samelosangeles.com,Women's Apparel,14804,SAME Los Angeles,/display-logo-via-campaign/14804.gif,"Dec 8, 2025 21:21",Public Terms,Active,https://samela.pxf.io/c/5980041/1173242/14804,true,Online Sale: 15%
6779394,SEEQ,https://seeqsupply.com,Food & Drink,46461,SEEQ,/display-logo-via-campaign/46461.gif,"Dec 19, 2025 09:26",15%,Active,https://seeq.pxf.io/c/5980041/3719861/46461,true,Online Sale: 15%
3846769,SHAPELLX US INC,http://www.shapellx.com/,Sports Apparel & Accessories,17949,Shapellx Affiliate Program,/display-logo-via-campaign/17949.gif,"Jan 29, 2025 11:26",Standard Terms,Active,https://shapellxaffiliateprogram.pxf.io/c/5980041/1534530/17949,true,Online Sale: 8%-10%
2797309,Shopify Inc.,https://www.shopify.com,Website Hosting,13624,Shopify,/display-logo-via-campaign/13624.gif,"Feb 16, 2025 17:34",Public Terms,Expired,https://shopify.pxf.io/c/5980041/1061744/13624,true,"POS Pro Sale API: US$150.00
Online Sale API: US$10.00-US$150.00
Retained Full Price Shops: 12 Mo: US$0.00
Retained Full Price Shops: 9 Mo: US$0.00
Retained Full Price Shops: 6 Mo: US$0.00
Retained Full Price Shops: 3 Mo: US$0.00
Paid Trial API: US$0.00
Free Trial API: US$0.00"
3468490,Simply (formerly JoyTunes),http://www.hellosimply.com,Movies & Music,27681,Simply Sing,/display-logo-via-campaign/27681.gif,"Jan 29, 2025 21:46",Public Terms,Active,https://simplysing.pxf.io/c/5980041/2163269/27681,true,"Simply Sing iOS: USD10.00
Simply Sing Android: USD0.00
Simply Sing Android: USD0.00
Simply Sing Android: USD0.00
Simply Sing Android: USD0.00
Simply Sing iOS: USD0.00
Simply Sing iOS: USD0.00
Simply Sing iOS: USD0.00"
5386287,SimplyWise Inc.,https://www.simplywise.com,Apps,24623,SimplyWise Inc.,/display-logo-via-campaign/24623.gif,"Dec 8, 2025 21:20",Public Terms,Active,https://simplywiseinc.pxf.io/c/5980041/2000001/24623,true,"SimplyWise - iOS: $90.00
SimplyWise - Android: $20.00"
5728648,Skylark Connect LLC,https://esimx.com,Internet Service Provider,27320,eSIMX,/display-logo-via-campaign/27320.gif,"Jan 29, 2025 11:22",Public Terms - Special Offer,Active,https://skylarkconnectllc.pxf.io/c/5980041/2147759/27320,true,OnlineSale: 15%
3507685,Slate Milk,https://slatemilk.com,Outdoors & Recreation,16559,Slate Milk,/display-logo-via-campaign/16559.gif,"Dec 8, 2025 11:37",Public Terms,Active,https://slate-milk.pxf.io/c/5980041/1384524/16559,true,"Online Sale: 5%
Recurring Subscription: 0%"
5568135,Smile Makers Collection,https://smilemakerscollection.com/,,26106,Smile Makers Collection,/display-logo-via-campaign/26106.gif,"Dec 8, 2025 11:38",Public Terms,Active,https://smilemakers.pxf.io/c/5980041/2081288/26106,true,Online Sale: 10%
116972,"Spytech Software and Design, Inc. - sentrypc",https://www.sentrypc.com,Software,3022,SentryPC,/display-logo-via-campaign/3022.gif,"Jan 29, 2025 11:18",Public IO,Active,https://sentrypc.7eer.net/c/5980041/200311/3022,true,"SentryPC: $400.00,40%"
5948334,ST ASU PTE. LTD.,https://wr.st-asu.com/company,Software,29798,WEBROOT master,/display-logo-via-campaign/29798.gif,"Dec 4, 2025 08:52",Public Terms,Active,https://stasupteltd.sjv.io/c/5980041/2375998/29798,true,Subscription: 200%
5382657,Starwood Pet Travel,https://starwoodpet.com,Pet Services,24592,Starwood Pet Travel,/display-logo-via-campaign/24592.gif,"Dec 8, 2025 21:18",Public Terms,Expired,https://starwoodpettravel.pxf.io/c/5980041/1998116/24592,false,"Deals Submitted: $100.00
Quotes Submitted: $0.00"
3623207,Susengo,https://www.funwhole.com/,Collectibles & Hobbies,17189,Funwhole,/display-logo-via-campaign/17189.gif,"Feb 3, 2025 18:16",Public Terms,Active,https://funwhole.sjv.io/c/5980041/1448255/17189,true,Online Sale: 8%
3623207,Susengo,https://www.funwhole.com/,Collectibles & Hobbies,17190,Lightailing,/display-logo-via-campaign/17190.gif,"Feb 3, 2025 18:17",Public Terms,Active,https://lightailing.sjv.io/c/5980041/1448258/17190,true,Online Sale: 8%
5462535,"T3 Micro, Inc.",https://t3micro.com/,,25330,T3 Micro,/display-logo-via-campaign/25330.gif,"Dec 4, 2025 08:52",T3 M 10%,Active,https://t3microinc.pxf.io/c/5980041/2032298/25330,true,Online Sale: 10%
6003396,"TalkPal, Inc.",https://talkpal.ai/,Apps,30644,Talkpal - AI Language Learning,/display-logo-via-campaign/30644.gif,"Dec 19, 2025 10:54",Public Terms,Active,https://talkpalinc.sjv.io/c/5980041/2584077/30644,true,"Talkpal iOS: 30%
Talkpal iOS: 30%
Talkpal Android: 30%
Talkpal Android: 30%
Recurring Subscription: 30%
Subscription Start: 30%
Talkpal iOS: 0%
Talkpal iOS: 0%
Talkpal iOS: 0%
Talkpal Android: 0%
Talkpal Android: 0%
Talkpal Android: 0%
Trial Activation: $0.00
Signup: $0.00"
5424863,Team Whiskey Endures LLC,https://team-whiskey.com,Sports Apparel & Accessories,24959,Team Whiskey Endures LLC,/display-logo-via-campaign/24959.gif,"Dec 8, 2025 21:28",Public Terms,Active,https://teamwhiskeyenduresllc.pxf.io/c/5980041/2015314/24959,true,"Recurring Sales: 20%
Online Sale: 20%"
3938277,The Curiosity Box,http://www.curiositybox.com/,Gifts & Services,18310,The Curiosity Box,/display-logo-via-campaign/18310.gif,"Jan 29, 2025 11:19",Public Terms,Active,https://the-curiosity-box.pxf.io/c/5980041/1575826/18310,true,"Online Sale   : $40.00,10%"
1342374,The Paisley Box,http://thepaisleybox.com,Gifts & Stationery,9275,The Paisley Box,/display-logo-via-campaign/9275.gif,"Dec 8, 2025 16:52",Public Terms,Active,https://the-paisley-box.pxf.io/c/5980041/554527/9275,true,PB Sale Pixel: 8%
1225650,The RealReal,https://www.therealreal.com/,Women's Apparel,8270,The RealReal ,/display-logo-via-campaign/8270.gif,"Dec 8, 2025 21:13",Public IO,Active,https://the-realreal.2pxhba.net/c/5980041/467556/8270,true,Online Sale: 1%-7%
4850664,Thermos L.L.C.,http://thermos.com/,Kitchen & Dining,21643,Thermos L.L.C.,/display-logo-via-campaign/21643.gif,"Feb 3, 2025 18:14",Public Terms,Active,https://thermosllc.sjv.io/c/5980041/1815965/21643,true,Online Sale: 10%
5514057,THINKCAR,https://mythinkcar.com,Parts & Accessories,25615,THINKCAR,/display-logo-via-campaign/25615.gif,"Jan 29, 2025 11:19",公开条款,Expired,https://thinkcar.sjv.io/c/5980041/2049182/25615,true,Online Sale: 15%
4887427,Tidio Poland Sp. z o.o.,http://tidio.com,B2B,21771,Tidio LLC,/display-logo-via-campaign/21771.gif,"Jan 29, 2025 11:19",Public Terms,Active,https://tidio.pxf.io/c/5980041/1826568/21771,false,"Resubscription: 30%
First Time Subscription: 20%
Signed Contract: 0%
Lead Attended Demo Call: $0.00
Demo Call Request: $0.00
Sign up: $0.00"
5742361,TikTok Inc.,https://pippit.ai,B2B,33261,Pippit - Powered by CapCut Creator Program,/display-logo-via-campaign/33261.gif,"Dec 4, 2025 08:52",Public Terms,Active,https://pippitcreator.pxf.io/c/5980041/2860565/33261,true,"Subscription-Creator: 25%
Sign-UP-Creator: $1.00-$1.25"
5742361,TikTok Inc.,https://pippit.ai,Software,46578,Pippit Creator Program T1 countries,/display-logo-via-campaign/46578.gif,"Dec 19, 2025 09:29",Public Terms,Expired,https://pippit.pxf.io/c/5980041/3722070/46578,true,"Subscription: 20%
Gift: $0.00
Creator Post: $0.00"
4137487,Tiny Land,http://tinylandus.com,Games/Toys,19135,Tiny Land,/display-logo-via-campaign/19135.gif,"Feb 3, 2025 18:13",Regular Terms,Active,https://tinyland.pxf.io/c/5980041/1648309/19135,true,Online Sale: 5%-12%
3695643,Toke n Dab,http://www.tokendab.com,Food & Drink,17522,Toke n Dab,/display-logo-via-campaign/17522.gif,"Jan 29, 2025 11:26",Public Terms,Active,https://toke-n-dab.pxf.io/c/5980041/1485339/17522,true,Online Sale: 10%
4626912,Token Metrics Inc.,http://tokenmetrics.com,Apps,20702,Token Metrics,/display-logo-via-campaign/20702.gif,"Jan 29, 2025 11:18",Public Terms,Expired,https://tokenmetrics.sjv.io/c/5980041/1763602/20702,true,"Subscription Purchase: 40%
Recurring Subscription: 0%"
2377193,Underground Printing,https://undergroundshirts.com/,Women's Apparel,11832,Underground Printing,/display-logo-via-campaign/11832.gif,"Dec 19, 2025 09:28",Public Terms - 1%/5%,Expired,https://imp.i357552.net/c/5980041/846030/11832,true,"Sales: 1%-5%
Quote: $0.00"
3161078,UPERFECT,https://www.uperfectmonitor.com,Collectibles & Hobbies,15155,UPERFECT,/display-logo-via-campaign/15155.gif,"Jan 29, 2025 11:26",Public Terms,Active,https://uperfect.sjv.io/c/5980041/1226533/15155,true,Online Sale: 10%
5231188,Urthbox,http://Www.urthbox.com,Food & Drink,23766,Urthbox,/display-logo-via-campaign/23766.gif,"Dec 8, 2025 16:55",Public Terms,Active,https://urthbox.sjv.io/c/5980041/1953239/23766,true,"Online Sale: $5.00,10%"
5406605,Valencia Theater Seating,https://valenciatheaterseating.com/,Furniture & Home Decor,24804,Valencia Theater Seating,/display-logo-via-campaign/24804.gif,"Dec 8, 2025 21:22",Public Terms,Active,https://valenciatheaterseating.sjv.io/c/5980041/2007927/24804,true,Online Sale: 12%
5406605,Valencia Theater Seating,https://valenciatheaterseating.com/,Furniture & Home Decor,46535,Valencia Theater Seating - Creator,/display-logo-via-campaign/46535.gif,"Dec 19, 2025 11:03",Public Terms,Active,https://valenciatheaterseating.sjv.io/c/5980041/3721690/46535,true,"Online Sale: 3.5%
Gift: $0.00
Creator Post: $0.00"
4819836,VAVA INTERNATIONAL INC.,http://www.ravpower.com,Consumer Electronics,21526,RAVPower,/display-logo-via-campaign/21526.gif,"Feb 3, 2025 18:17",Public Terms,Active,https://zebaoaffiliateprogram.pxf.io/c/5980041/1809767/21526,true,Online Sale: 3%-8%
4819836,VAVA INTERNATIONAL INC.,http://www.ravpower.com,Food & Drink,21553,ParisRhone,/display-logo-via-campaign/21553.gif,"Feb 3, 2025 18:18",Public Terms,Active,https://parisrhonecom.sjv.io/c/5980041/1811170/21553,true,Online Sale: 8%
4819836,VAVA INTERNATIONAL INC.,http://www.ravpower.com,Pet Services,21554,Aspiron,/display-logo-via-campaign/21554.gif,"Feb 3, 2025 18:15",Public Terms,Active,https://aspironcom.sjv.io/c/5980041/1811185/21554,true,Online Sale: 10%
4120633,VEED,http://veed.io/pricing,B2B,19083,VEED,/display-logo-via-campaign/19083.gif,"Dec 8, 2025 21:15",Public Terms,Active,https://veed.sjv.io/c/5980041/1644341/19083,true,Subscription Purchase: 20%
4765679,VersaDesk,http://versadesk.com,Supplies & Furniture,21290,VersaDesk ,/display-logo-via-campaign/21290.gif,"Feb 3, 2025 18:14",Public Terms,Active,https://versadesk.pxf.io/c/5980041/1796287/21290,true,Online Sale: 10%
5879875,Vidline Inc.,https://sider.ai,Apps,28963,Sider,/display-logo-via-campaign/28963.gif,"Dec 4, 2025 08:52",2026 New Terms,Active,https://vidlineinc.pxf.io/c/5980041/2234186/28963,true,"Online Sale: 15%-70%
Online Download: $0.00
Sign up: $0.00"
6140463,Vista Social,https://vistasocial.com,B2B,33456,Vista Social,/display-logo-via-campaign/33456.gif,"Dec 8, 2025 11:39",Public Terms,Active,https://vistasocial.sjv.io/c/5980041/2872681/33456,true,"Sale: 20%
Lead Sign up : $0.00"
1911036,W.C. Bradley Co.,https://wcbradley.com,Outdoors & Recreation,10421, Pit Boss Grills,/display-logo-via-campaign/10421.gif,"Dec 8, 2025 21:13",General Terms,Active,https://pitbossgrills.77jaha.net/c/5980041/664857/10421,true,Online Sale: 6%
1911036,W.C. Bradley Co.,https://wcbradley.com,Outdoors & Recreation,10422,Louisiana Grills,/display-logo-via-campaign/10422.gif,"Dec 8, 2025 21:13",Public Terms,Expired,https://louisiana-grills.9u2rlz.net/c/5980041/664860/10422,true,"Online Sale: 6%
iOS: 0%
Android: 0%"
5423111,WAGYUMAN Inc.,https://wagyuman.com,Gourmet,24940,WAGYUMAN Inc.,/display-logo-via-campaign/24940.gif,"Dec 19, 2025 09:29",Public Terms,Active,https://wagyumaninc.pxf.io/c/5980041/2014636/24940,true,Online Sale: 10%
5764812,Water & Wellness,https://waterandwellness.com,Diet & Nutrition,27695,Water & Wellness,/display-logo-via-campaign/27695.gif,"Jan 29, 2025 11:21",Public Terms,Expired,https://waterwellness.pxf.io/c/5980041/2163970/27695,true,Online Sale: 15%
3216772,Waterdropfilter,https://www.waterdropfilter.com,Diet & Nutrition,15402,Waterdrop (US),/display-logo-via-campaign/15402.gif,"Feb 3, 2025 18:16",Public Terms,Active,https://waterdropus.pxf.io/c/5980041/1250562/15402,true,Online Sale: 8%
6488165,Wegic,https://wegic.ai/,Website Hosting,41022,Wegic,/display-logo-via-campaign/41022.gif,"Dec 8, 2025 11:35",December 2025 Limited-Time Terms +5%,Active,https://wegic-ai.pxf.io/c/5980041/3232377/41022,true,Online Sales: 35%
1990397,Whistle,http://www.whistle.com,"Home, Pet & Garden",14370,Wisdom Panel,/display-logo-via-campaign/14370.gif,"Feb 3, 2025 18:23",Public Terms,Active,https://wisdompanel.pxf.io/c/5980041/1135281/14370,true,Online Sale: 6%
5388344,Wine by Lamborghini,https://www.winebylamborghini.com,Gifts & Stationery,24643,Wine by Lamborghini,/display-logo-via-campaign/24643.gif,"Dec 8, 2025 16:53",Public Terms,Active,https://winebylamborghini.pxf.io/c/5980041/2001322/24643,true,"Recurring Sales: 10%
Online Sale: 10%"
66074,Wine Express,https://www.wineexpress.com,Wine & Spirits,2181,Wine Express,/display-logo-via-campaign/2181.gif,"Jan 29, 2025 11:48",Public IO,Active,https://wineexpress.vneoga.net/c/5980041/88200/2181,true,"Sale: $10.00,6%"
4222752,wowangel,http://www.wowangel.com,Women's Apparel,19454,WOWANGEL,/display-logo-via-campaign/19454.gif,"Feb 3, 2025 18:23",Public Terms,Active,https://wowangel.sjv.io/c/5980041/1679772/19454,true,Online Sale: 5%-8%
3464544,Xendoo Online Accounting,http://xendoo.com/,Loans & Financial Services,16354,Xendoo Online Accounting,/display-logo-via-campaign/16354.gif,"Dec 8, 2025 21:17",Public Terms,Active,https://xendoo.pxf.io/c/5980041/1357375/16354,true,"Onboarded: $500.00
Completed Registration: $0.00
Form Start: $0.00"
5651291,"Xi'an Zuan Ge La Fu Network Technology Co., Ltd.",https://www.helloice.com/,Jewelry & Watches,26893,Helloice,/display-logo-via-campaign/26893.gif,"Dec 8, 2025 21:24",Public Terms,Active,https://helloicecom.pxf.io/c/5980041/2119038/26893,false,Online Sales: 15%
6624222,YCZ Fragrance,https://www.yczfragrance.com/,Romance,43964,YCZ Fragrance,/display-logo-via-campaign/43964.gif,"Dec 4, 2025 08:52",public terms,Active,https://go.pxf.io/c/5980041/3329005/43964,true,Online Sale: 15%
5951755,Yok Rith Limited,https://www.belffin.com,Furniture & Home Decor,29893,Belffin ,/display-logo-via-campaign/29893.gif,"Dec 8, 2025 16:53",Public Terms,Active,https://yokrithlimited.sjv.io/c/5980041/2391686/29893,true,Online Sale: 6%
5274331,Yonder Media Mobile Inc.,http://globalyo.com,Transportation,24001,Global YO eSIM+,/display-logo-via-campaign/24001.gif,"Dec 8, 2025 21:24",Public Terms,Active,https://globalyo.pxf.io/c/5980041/1964697/24001,true,"Global YO - Android: 15%
Global YO - iOS: 15%
Online Sale: 15%"
5239694,Yum Pup,http://www.shopyumpup.com,Pet Supplies,23785,Yum Pup,/display-logo-via-campaign/23785.gif,"Dec 8, 2025 21:16",Public Terms,Expired,https://yumpup.pxf.io/c/5980041/1953939/23785,true,Online Sale: 10%-20%
3835897,Zonli,http://www.zonlihome.com/,Bed & Bath,17882,Zonli Partnership Program,/display-logo-via-campaign/17882.gif,"Jan 29, 2025 11:19",Potential Sale Terms,Expired,https://zonlipartnershipprogram.pxf.io/c/5980041/1529294/17882,true,Online Sale: 20%
6627832,芜湖乔凯电子商务有限公司,https://www.trucktok.com/,Parts & Accessories,44072,Trucktok,/display-logo-via-campaign/44072.gif,"Dec 8, 2025 11:35",Public Terms,Active,https://go.sjv.io/c/5980041/3335308/44072,true,Online Sale: 8%-12%
6502709,香港万德家,https://www.gyspajamas.com,Clothing & Accessories,41632,EASWEET,/display-logo-via-campaign/41632.gif,"Dec 8, 2025 11:35",Public Terms,Active,https://wwweasweetbabycom.pxf.io/c/5980041/3259893/41632,true,Online sale: USD0.00
